url,order
"https://elements-resized.envatousercontent.com/elements-cover-images/92604ba1-6763-478a-975b-5ccc84d1abea?w=2038&cf_fit=scale-down&q=85&format=auto&s=85542028f7ba9fbdb036db29d2fc2ce92148318e205e004b32c76cd186b75d0",1
"https://elements-resized.envatousercontent.com/elements-cover-images/2aa96677-8c32-40dd-b507-c2fd8085ab0b?w=2038&cf_fit=scale-down&q=85&format=auto&s=879057ca8b860a3b1d516bb67bc246c41e4d56e7503e0e8c7360c10e6209f13d",2
"https://elements-resized.envatousercontent.com/elements-cover-images/1b18d096-8b8c-47e8-9ffb-347b1a7b5472?w=2038&cf_fit=scale-down&q=85&format=auto&s=f743136197e4828a93e75490fde45029c69d44f429a579dd67e245d8becd22d3",3
"https://elements-resized.envatousercontent.com/elements-template-kits-cover-images/files/559958011/Cover%20Image%20-%20Consultry.jpg?w=710&cf_fit=scale-down&q=85&format=auto&s=43f52b411abd4e894c106426e9c730f4e31e65876e2c4c7df772f3078d962111",4
"https://elements-resized.envatousercontent.com/elements-template-kits-cover-images/files/639826727/Cover%20Image.jpg?w=710&cf_fit=scale-down&q=85&format=auto&s=06b64feca39f87d8feaa290ece5f1bbe0a38163389dea4545f04269de28293e7",5
"https://elements-resized.envatousercontent.com/elements-template-kits-cover-images/files/560092989/Cover%20Image%20-%20UPDATE.jpg?w=710&cf_fit=scale-down&q=85&format=auto&s=b6fc2026c2250e8752b9cdf3a1228d2bc5091dd67dba2c8f1c6bc8d7a01f1fdd",6
"https://elements-resized.envatousercontent.com/elements-template-kits-cover-images/files/559123076/Cover%20Image.jpg?w=710&cf_fit=scale-down&q=85&format=auto&s=a9c237a4b5e2bcc232d116ff0e6c1630f79279d1baca9ead30eaf93607efa814",7
"https://elements-resized.envatousercontent.com/elements-template-kits-cover-images/files/561372854/Cover%20Image.jpg?w=710&cf_fit=scale-down&q=85&format=auto&s=daf48a831a2f9c967a52793835d4bb549caf84649e413885e43a08c23bafb84f",8
"https://elements-resized.envatousercontent.com/elements-template-kits-cover-images/files/643248303/Cover%20Image.jpg?w=710&cf_fit=scale-down&q=85&format=auto&s=e77f11df92928792d1b010970107cd8b17218a6745c75d029bc6fa9ec42206cb",9
"https://elements-resized.envatousercontent.com/elements-template-kits-cover-images/files/568605891/Preview.jpg?w=710&cf_fit=scale-down&q=85&format=auto&s=46f663613f9a43f2bf7c5934a4e1524de75f02529307ddd22a237cb59562eb1f",10
"https://elements-resized.envatousercontent.com/elements-template-kits-cover-images/files/537632905/Cover%20Template%20Kit.jpg?w=710&cf_fit=scale-down&q=85&format=auto&s=e2526b51b72b7b40a43b26eb8f89aeed06bcd0beed3d41d5c4b867760b2103b9",11
"https://elements-resized.envatousercontent.com/elements-template-kits-cover-images/files/444092752/cover.png?w=710&cf_fit=scale-down&q=85&format=auto&s=63ac92bdc296f76c5eeee4fd5f465e04d8ffa34a32b691cd3818db478e5686df",12
